First Name,Last Name,Birthday,Gender
Anna,Hoover,11/03/1996,Female
Jonathan,Hood,13/08/1986,Male
Asher,Jenkins,12/12/1991,Male
David,Hull,15/06/1993,Male
Ethan,Tate,04/01/1995,Male
Hazel,Grant,24/01/1991,Female
Sophia,Price,05/12/1999,Female
Daniel,Cantu,19/01/1996,Male
Penelope,Hood,19/01/1996,Female
Audrey,Barker,15/03/1999,Female
Evelyn,Gibbs,12/08/1985,Female
Hannah,Davidson,23/06/2000,Female
Joshua,Cantu,11/10/1980,Male
Elijah,Sloan,08/07/1994,Male
Evelyn,Durham,26/01/1992,Female
Adam,Blevins,24/12/1982,Male
Camila,Bishop,08/02/2000,Female
Ezra,Winters,11/08/1986,Male
Jack,Morrow,27/04/1985,Male
Carter,Meadows,11/03/1996,Male
Ezra,Burns,16/11/2002,Male
Anthony,Shepard,06/05/2001,Male
Dylan,Sharp,08/04/1987,Male
Aurora,McKay,05/12/1999,Female
Jonathan,Lambert,26/01/1992,Male
Luke,Foster,20/01/1998,Male
Zoey,Simmons,06/07/1998,Female
Grayson,Neal,22/07/1985,Male
Levi,Short,17/08/1998,Male
Eliana,Burke,01/11/1994,Female
Penelope,Cain,18/12/1986,Female
Bella,Espinoza,04/07/1992,Female
Robert,Gentry,29/04/1980,Male
Victoria,Lambert,05/09/1994,Female
Ruby,Espinoza,17/08/1998,Female
Scarlett,Vaughn,26/01/1992,Female
Paisley,McKee,04/07/1992,Female
Alexander,Harrington,07/07/1991,Male
Leo,Kramer,07/07/1991,Male
Mila,Neal,25/02/2001,Female
Nora,Franklin,15/03/1999,Female
Alexander,Patrick,29/04/1980,Male
Addison,Conway,01/11/1994,Female
Evelyn,Terrell,07/07/1991,Female
Ellie,Tanner,19/01/1996,Female
Hudson,Barron,22/07/1985,Male
Lillian,Patrick,11/07/1995,Female
Benjamin,Warren,24/10/1992,Male
Adam,Wilkins,30/11/1991,Male
Natalie,Hull,20/11/1997,Female
Amelia,Conway,17/01/1997,Female
Lucy,Hopkins,29/12/1986,Female
Hunter,Phelps,28/01/1999,Male
Jayden,Bowen,23/05/1989,Male
Thomas,Shepard,11/10/1980,Male
Lucy,Boone,11/06/1998,Female
Stella,Stone,06/05/1990,Female
Mason,Cantu,13/08/1988,Male
Aria,Andrews,02/08/1996,Female
Noah,Foster,19/03/1984,Male
Hunter,Durham,23/07/1981,Male
Owen,Holland,06/01/1987,Male
Nathan,Simon,16/05/1984,Male
Sadie,House,06/05/2001,Female
Christopher,Maddox,06/05/1990,Male
Brooklyn,Blake,10/06/1994,Female
Lily,Maddox,17/08/1990,Female
Hudson,Miles,27/04/1985,Male
Isaac,Riley,13/08/1988,Male
Hannah,Conway,01/11/1994,Female
Stella,Forbes,22/10/1978,Female
Aurora,Bennett,11/03/1987,Female
Savannah,McBride,25/04/1990,Female
Anthony,Reed,08/10/1988,Male
Liam,House,03/08/2004,Male
Caleb,Vaughn,16/05/1984,Male
Logan,Brooks,23/05/1989,Male
Aubrey,Valdez,08/02/2000,Female
Mia,Simmons,25/11/2001,Female
Nora,Rivers,04/06/1992,Female
Olivia,Bennett,20/08/1997,Female
Jackson,Bennett,06/07/1998,Male
Noah,Wolfe,04/11/1995,Male
Henry,Andrews,25/02/2001,Male
Ella,Vaughn,08/10/1988,Female
Ellie,Hopkins,24/10/1992,Female
Christopher,Warren,09/02/1995,Male
Olivia,Wilkins,11/06/1998,Female
Chloe,Blake,02/05/2000,Female
Hazel,Dillon,16/05/1984,Female
Adam,McBride,12/08/1985,Male
Ethan,Serrano,10/08/1993,Male
Alice,Blake,13/08/1988,Female
Addison,Finley,28/01/1999,Female
Christian,Townsend,13/08/1986,Male
Sebastian,Maddox,11/10/1980,Male
Eliana,Tanner,12/08/1985,Female
William,Kramer,14/01/2002,Male
Jayden,Stone,19/10/1989,Male
Chloe,Kramer,27/04/2003,Female
Violet,Short,21/01/1998,Female
Levi,Hopkins,25/12/1988,Male
Jackson,Bridges,23/06/2000,Male
Christian,Keller,16/07/1989,Male
Gabriel,Hayes,18/03/1987,Male
Logan,Franklin,15/03/1999,Male
Scarlett,Baxter,15/06/1993,Female
Thomas,Andrews,03/07/1997,Male
Isabella,Doyle,08/02/2000,Female
Stella,Sloan,05/02/2000,Female
Grayson,Padilla,17/10/1984,Male
Isaac,Cain,17/08/1990,Male
Audrey,Paul,19/03/1984,Female
Caleb,Boone,23/07/1981,Male
Wyatt,Keller,17/08/1990,Male
Isaac,Townsend,25/02/2001,Male
Lily,Padilla,17/08/1998,Female
Isaac,Hull,03/08/2004,Male
James,Jenkins,15/04/1980,Male
Olivia,Blevins,22/11/2004,Female
Nathan,Mercado,14/01/1996,Male
Christian,Morton,06/08/1996,Male
Penelope,Pope,16/07/1989,Female
David,Bridges,09/03/1979,Male
Leah,Henson,15/11/1997,Female
Ellie,Harrington,15/11/1997,Female
Mason,Sloan,25/04/1990,Male
Amelia,Watts,29/12/1986,Female
Ryan,Mahoney,29/12/1986,Male
Hunter,Forbes,05/09/1994,Male
Aria,Wilkins,13/10/1993,Female
Matthew,Doyle,25/11/2001,Male
Henry,Morrow,02/08/1996,Male
Emma,Valdez,06/08/1996,Female
Hazel,Finley,08/08/1999,Female
Julian,Short,21/01/1998,Male
Ella,Morton,27/08/1989,Female
Gabriel,Perez,20/11/1997,Male
Leah,Tanner,17/01/1997,Female
Natalie,Miles,10/06/1994,Female
Ruby,Morrow,15/03/1985,Female
Lily,Burke,14/01/1996,Female
Wyatt,Townsend,29/07/1981,Male
Riley,Watts,15/04/1980,Female
Lillian,Wolfe,24/10/1992,Female
Luke,Blevins,19/10/1989,Male
Lucas,Lowe,18/03/1987,Male
Audrey,Miles,06/07/1998,Female
Eliana,Figueroa,09/02/1995,Female
Joseph,Jordan,11/03/1987,Male
Leo,Phelps,12/12/1991,Male
Anthony,Russo,08/04/1987,Male
Layla,Valdez,20/01/1998,Female
Mia,Franklin,23/06/2000,Female
Leah,Daniels,30/01/2000,Female
Owen,Bowen,05/06/1998,Male
Scarlett,Jordan,11/09/1983,Female
Noah,Barron,23/05/1989,Male
Joshua,Pitts,11/03/1987,Male
Isaac,Lowe,25/12/1988,Male
Savannah,Pope,07/01/2001,Female
Henry,Bishop,22/10/1978,Male
Claire,Price,15/04/1980,Female
Audrey,Terrell,04/11/1995,Female
Logan,Perez,17/07/1983,Male
Bella,McKee,15/08/2002,Female
Sebastian,Walsh,04/06/1992,Male
Chloe,Paul,13/04/2003,Female
Zoey,Kim,06/01/1987,Female
Jonathan,Mercado,11/09/1983,Male
Benjamin,Holt,19/10/1989,Male
William,Grant,25/04/1990,Male
Aubrey,Bowen,11/07/1995,Female
James,Simon,15/01/1995,Male
Nora,Mahoney,17/10/1984,Female
Camila,Talley,11/06/1998,Female
Savannah,Mercado,08/04/1987,Female
Lucy,Marsh,15/08/2002,Female
Jackson,Ramsey,19/09/1982,Male
Lucas,McKay,15/03/1985,Male
Nathan,Pope,15/01/1995,Male
Dylan,Forbes,24/12/1982,Male
Amelia,Daniels,04/01/1995,Female
Samuel,Paul,12/12/1991,Male
Mia,Foster,15/11/1997,Female
Elijah,Brooks,08/10/1988,Male
Camila,Talley,22/11/2004,Female
Eleanor,Bridges,22/10/1978,Female
Dylan,Bishop,16/07/1989,Male
Zoey,Tate,06/08/1996,Female
Asher,Henson,27/08/1989,Male
Natalie,Walsh,13/04/2003,Female
Aubrey,Patrick,04/06/1992,Female
Alice,Dillon,28/01/1999,Female
Addison,Lambert,17/07/1983,Female
Natalie,Russo,28/06/1990,Female
Julian,Grant,05/06/2003,Male
Joseph,Warren,11/07/1995,Male
Thomas,Mahoney,07/01/2001,Male
Zoey,Jordan,14/01/2002,Female
David,Cain,16/11/2002,Male
Ryan,Moody,22/07/1985,Male
Elijah,Sharp,21/01/1998,Male
Samuel,Figueroa,24/12/1982,Male
Alice,House,14/10/1991,Female
Hudson,Baxter,20/07/1996,Male
Grayson,Serrano,13/12/1999,Male
Brooklyn,Baxter,13/12/1999,Female
Carter,Riley,15/03/1985,Male
Grace,Sharp,03/07/1997,Female
Paisley,Holland,23/12/1989,Female
Jayden,Harrington,05/06/2003,Male
Riley,Meadows,30/01/2000,Female
Zoey,Meadows,30/11/1991,Female
Brooklyn,Tate,15/08/2002,Female
Harper,Durham,23/07/1981,Female
Matthew,Holt,06/05/1990,Male
Robert,Riley,29/07/1981,Male
Daniel,Marsh,15/06/1993,Male
Liam,Carter,24/01/1991,Male
Joseph,Barker,13/10/1984,Male
Samuel,Simmons,09/03/1979,Male
Violet,Boone,30/01/2000,Female
Ava,Carter,28/06/1990,Female
Asher,Ramsey,13/10/1993,Male
Anna,Brooks,24/01/1991,Female
Natalie,Kim,15/01/1995,Female
William,Dillon,17/10/1984,Male
Ezra,Phelps,14/10/1991,Male
Lincoln,Davidson,06/05/2001,Male
Gabriel,McBride,28/06/1990,Male
Violet,Perez,27/04/2003,Female
Owen,Barron,08/08/1999,Male
Sebastian,Pitts,05/02/2000,Male
Audrey,Reed,11/08/1992,Female
Levi,Gibbs,03/07/1997,Male
Jack,Vaughn,19/09/1982,Male
Emma,Holland,13/10/1984,Female
Wyatt,Gibbs,09/02/1995,Male
Layla,Burns,27/04/2003,Female
Victoria,Burns,29/07/1981,Female
Carter,Barker,09/03/1979,Male
Matthew,Doyle,18/12/1986,Male
Joshua,Figueroa,18/12/1986,Male
Mila,Simon,29/04/1980,Female
Isabella,Stone,10/06/1994,Female
Ava,Marsh,20/08/1997,Female
Victoria,Vaughn,07/01/2001,Female
Aurora,Velasquez,05/06/2003,Female
Sophia,Finley,27/04/1985,Female
Eleanor,Carter,04/11/1995,Female
Anna,Lowe,30/11/1991,Female
Aria,McKee,02/05/2000,Female
Ava,Reed,20/07/1996,Female
Isaac,Wolfe,13/10/1993,Male
Daniel,Holland,20/11/1997,Male
Eleanor,McKay,04/07/1992,Female
Paisley,Winters,16/11/2002,Female
Isabella,Russo,20/08/1997,Female
Audrey,Newton,08/08/1999,Female
Lillian,Serrano,11/09/1983,Female
Grace,Gentry,05/12/1999,Female
Riley,Newton,11/08/1992,Female
Ella,Holland,03/08/2004,Female
James,Davidson,27/08/1989,Male
Andrew,Moody,11/08/1986,Male
Ruby,Walsh,11/08/1986,Female
Layla,Hood,18/03/1987,Female
Liam,Holland,02/08/1996,Male
Claire,Velasquez,08/07/1994,Female
Caleb,Morton,08/07/1994,Male
Ryan,Moody,05/02/2000,Male
Grace,Hayes,10/08/1993,Female
Julian,Holt,13/08/1986,Male
Natalie,Gentry,25/12/1988,Female
Harper,Watts,20/01/1998,Female
Hannah,Terrell,25/11/2001,Female
Ethan,Rivers,19/03/1984,Male
Lincoln,Hoover,02/05/2000,Male
Claire,Vaughn,05/06/1998,Female
Robert,Jenkins,05/06/1998,Male
Sadie,Neal,14/01/1996,Female
Jack,Padilla,04/01/1995,Male
Alexander,Newton,23/12/1989,Male
Harper,Price,11/03/1996,Female
Benjamin,Winters,14/10/1991,Male
Lucas,Daniels,17/07/1983,Male
Zoey,Talley,22/11/2004,Female
Andrew,Hoover,13/12/1999,Male
Luke,Keller,06/01/1987,Male
Sadie,Shepard,13/10/1984,Female
Andrew,Henson,05/09/1994,Male
Bella,Kim,10/08/1993,Female
Leo,Espinoza,19/09/1982,Male
Lincoln,Rivers,11/08/1992,Male
Christopher,Ramsey,23/12/1989,Male
Mason,Velasquez,17/01/1997,Male
Emma,Hayes,13/04/2003,Female
Mila,Pitts,20/07/1996,Female
Sophia,Burke,14/01/2002,Female
